{
    "WETQZ":{
        "A":6.309573444801943e-12,
        "E":135.0,
        "V":0.0,
        "n":4.0,
        "r":1.0
    },
    "WETOLV":{
        "A":1584.893192461114,
        "E":520.0,
        "V":2.2e-05,
        "n":3.5,
        "r":1.2
    },
    "WESTERLY":{
        "A":0.00019952623149688788,
        "E":141.0,
        "V":0.0,
        "n":1.9,
        "r":0.0
    },
    "SERP":{
        "A":2.818382931264449e-15,
        "E":8.9,
        "V":3.2e-06,
        "n":3.8,
        "r":0.0
    },
    "BIOT1":{
        "A":1.2000000109208198e-30,
        "E":51.0,
        "V":0.0,
        "n":18.0,
        "r":0.0
    },
    "MUSC":{
        "A":9804814.307107324,
        "E":270.0,
        "V":0.0,
        "n":1.13,
        "r":0.0
    }
}